dir,entry_time,entry,sl,tp,risk,type,exit_time,exit,result,points,r,year,cum_r
1,2023-01-04 09:43:00,13679.5,13649.5,13739.5,30.0,continuation,2023-01-04 09:45:00,13649.5,SL,-30.0,-1.0,2023,-1.0
1,2023-01-09 09:21:00,13838.25,13818.25,13878.25,20.0,continuation,2023-01-09 09:32:00,13878.25,TP,40.0,2.0,2023,1.0
1,2023-01-09 09:35:00,13864.0,13824.75,13942.5,39.25,continuation,2023-01-09 09:53:00,13942.5,TP,78.5,2.0,2023,3.0
1,2023-01-11 09:26:00,13971.0,13951.0,14011.0,20.0,continuation,2023-01-11 09:33:00,13951.0,SL,-20.0,-1.0,2023,2.0
1,2023-01-11 10:25:00,14024.25,13999.75,14073.25,24.5,continuation,2023-01-11 10:36:00,13999.75,SL,-24.5,-1.0,2023,1.0
1,2023-01-16 09:31:00,14243.75,14223.75,14283.75,20.0,continuation,2023-01-16 11:48:00,14223.75,SL,-20.0,-1.0,2023,0.0
1,2023-01-18 09:15:00,14360.0,14334.75,14410.5,25.25,continuation,2023-01-18 09:38:00,14334.75,SL,-25.25,-1.0,2023,-1.0
1,2023-01-18 09:53:00,14366.5,14326.0,14447.5,40.5,continuation,2023-01-18 10:38:00,14326.0,SL,-40.5,-1.0,2023,-2.0
1,2023-01-23 09:30:00,14357.0,14330.5,14410.0,26.5,continuation,2023-01-23 09:32:00,14330.5,SL,-26.5,-1.0,2023,-3.0
1,2023-01-23 10:03:00,14467.5,14445.5,14511.5,22.0,continuation,2023-01-23 10:26:00,14511.5,TP,44.0,2.0,2023,-1.0
-1,2023-01-25 09:28:00,14361.5,14381.5,14321.5,20.0,continuation,2023-01-25 09:33:00,14321.5,TP,40.0,2.0,2023,1.0
-1,2023-01-25 09:37:00,14354.0,14374.0,14314.0,20.0,continuation,2023-01-25 09:42:00,14374.0,SL,-20.0,-1.0,2023,0.0
1,2023-01-26 09:19:00,14668.25,14648.25,14708.25,20.0,continuation,2023-01-26 09:32:00,14708.25,TP,40.0,2.0,2023,2.0
1,2023-01-27 10:05:00,14800.5,14757.25,14887.0,43.25,continuation,2023-01-27 10:56:00,14757.25,SL,-43.25,-1.0,2023,1.0
1,2023-01-27 11:15:00,14776.5,14754.0,14821.5,22.5,continuation,2023-01-27 11:31:00,14821.5,TP,45.0,2.0,2023,3.0
1,2023-02-03 10:45:00,15494.5,15473.75,15536.0,20.75,continuation,2023-02-03 10:54:00,15473.75,SL,-20.75,-1.0,2023,2.0
-1,2023-02-10 11:06:00,14986.25,15006.25,14946.25,20.0,continuation,2023-02-10 11:09:00,15006.25,SL,-20.0,-1.0,2023,1.0
-1,2023-02-10 11:35:00,14971.0,15017.75,14877.5,46.75,continuation,2023-02-10 13:21:00,15017.75,SL,-46.75,-1.0,2023,0.0
-1,2023-02-17 11:56:00,14952.25,14985.25,14886.25,33.0,continuation,2023-02-17 12:10:00,14985.25,SL,-33.0,-1.0,2023,-1.0
-1,2023-02-20 10:30:00,15028.0,15048.0,14988.0,20.0,continuation,2023-02-20 18:01:00,15022.25,EOD,5.75,0.2875,2023,-0.7125
-1,2023-02-23 11:11:00,14750.0,14791.75,14666.5,41.75,continuation,2023-02-23 14:12:00,14791.75,SL,-41.75,-1.0,2023,-1.7125
-1,2023-02-24 10:01:00,14633.0,14654.5,14590.0,21.5,continuation,2023-02-24 10:17:00,14590.0,TP,43.0,2.0,2023,0.2875000000000001
-1,2023-02-24 11:00:00,14594.25,14620.75,14541.25,26.5,continuation,2023-02-24 11:24:00,14620.75,SL,-26.5,-1.0,2023,-0.7124999999999999
1,2023-03-06 10:40:00,15096.0,15076.0,15136.0,20.0,continuation,2023-03-06 11:19:00,15136.0,TP,40.0,2.0,2023,1.2875
1,2023-03-06 11:57:00,15112.75,15092.0,15154.25,20.75,continuation,2023-03-06 12:32:00,15092.0,SL,-20.75,-1.0,2023,0.2875000000000001
-1,2023-03-10 10:31:00,14582.0,14602.0,14542.0,20.0,continuation,2023-03-10 10:32:00,14602.0,SL,-20.0,-1.0,2023,-0.7124999999999999
-1,2023-03-13 09:44:00,14377.0,14406.0,14319.0,29.0,continuation,2023-03-13 09:48:00,14406.0,SL,-29.0,-1.0,2023,-1.7125
1,2023-03-16 11:11:00,15064.0,15023.0,15146.0,41.0,continuation,2023-03-16 11:43:00,15146.0,TP,82.0,2.0,2023,0.2875000000000001
1,2023-03-22 09:41:00,15392.25,15372.25,15432.25,20.0,continuation,2023-03-22 10:28:00,15432.25,TP,40.0,2.0,2023,2.2875
1,2023-03-29 09:18:00,15398.5,15378.5,15438.5,20.0,continuation,2023-03-29 09:34:00,15438.5,TP,40.0,2.0,2023,4.2875
1,2023-03-29 10:20:00,15436.75,15416.75,15476.75,20.0,continuation,2023-03-29 10:26:00,15416.75,SL,-20.0,-1.0,2023,3.2874999999999996
1,2023-03-30 09:17:00,15576.5,15556.5,15616.5,20.0,continuation,2023-03-30 10:01:00,15616.5,TP,40.0,2.0,2023,5.2875
1,2023-03-30 10:03:00,15602.75,15565.75,15676.75,37.0,continuation,2023-03-30 10:11:00,15565.75,SL,-37.0,-1.0,2023,4.2875
1,2023-03-31 09:16:00,15637.75,15608.25,15696.75,29.5,continuation,2023-03-31 09:31:00,15608.25,SL,-29.5,-1.0,2023,3.2874999999999996
1,2023-03-31 09:45:00,15650.25,15603.0,15744.75,47.25,continuation,2023-03-31 12:20:00,15744.75,TP,94.5,2.0,2023,5.2875
1,2023-04-03 09:52:00,15777.5,15744.75,15843.0,32.75,continuation,2023-04-03 10:00:00,15744.75,SL,-32.75,-1.0,2023,4.2875
1,2023-04-03 10:18:00,15758.5,15738.0,15799.5,20.5,continuation,2023-04-03 10:49:00,15738.0,SL,-20.5,-1.0,2023,3.2874999999999996
-1,2023-04-10 09:15:00,15579.0,15599.0,15539.0,20.0,continuation,2023-04-10 09:36:00,15539.0,TP,40.0,2.0,2023,5.2875
-1,2023-04-10 09:38:00,15532.75,15585.25,15427.75,52.5,continuation,2023-04-10 11:13:00,15585.25,SL,-52.5,-1.0,2023,4.2875
-1,2023-04-11 09:44:00,15635.0,15687.25,15530.5,52.25,continuation,2023-04-11 15:59:00,15597.25,EOD,37.75,0.722488038277512,2023,5.009988038277512
-1,2023-04-12 11:10:00,15524.75,15546.75,15480.75,22.0,continuation,2023-04-12 11:24:00,15546.75,SL,-22.0,-1.0,2023,4.009988038277512
-1,2023-04-17 11:33:00,15629.5,15679.75,15529.0,50.25,continuation,2023-04-17 15:08:00,15679.75,SL,-50.25,-1.0,2023,3.0099880382775117
-1,2023-04-19 09:23:00,15604.25,15624.25,15564.25,20.0,continuation,2023-04-19 09:33:00,15624.25,SL,-20.0,-1.0,2023,2.0099880382775117
-1,2023-04-25 10:37:00,15464.25,15484.25,15424.25,20.0,continuation,2023-04-25 10:49:00,15484.25,SL,-20.0,-1.0,2023,1.0099880382775117
-1,2023-05-04 09:28:00,15604.0,15624.0,15564.0,20.0,continuation,2023-05-04 09:45:00,15564.0,TP,40.0,2.0,2023,3.0099880382775117
-1,2023-05-04 09:48:00,15564.25,15610.75,15471.25,46.5,continuation,2023-05-04 11:10:00,15610.75,SL,-46.5,-1.0,2023,2.0099880382775117
1,2023-05-16 10:29:00,16011.75,15991.75,16051.75,20.0,continuation,2023-05-16 10:57:00,16051.75,TP,40.0,2.0,2023,4.009988038277512
1,2023-05-16 10:59:00,16052.5,16020.0,16117.5,32.5,continuation,2023-05-16 15:51:00,16020.0,SL,-32.5,-1.0,2023,3.0099880382775117
1,2023-05-17 09:32:00,16046.75,16026.75,16086.75,20.0,continuation,2023-05-17 09:51:00,16026.75,SL,-20.0,-1.0,2023,2.0099880382775117
1,2023-05-18 10:00:00,16235.25,16215.25,16275.25,20.0,continuation,2023-05-18 10:21:00,16275.25,TP,40.0,2.0,2023,4.009988038277512
1,2023-05-18 11:39:00,16349.0,16329.0,16389.0,20.0,continuation,2023-05-18 12:08:00,16329.0,SL,-20.0,-1.0,2023,3.0099880382775117
1,2023-05-22 10:22:00,16436.5,16416.5,16476.5,20.0,continuation,2023-05-22 10:44:00,16416.5,SL,-20.0,-1.0,2023,2.0099880382775117
1,2023-05-22 11:26:00,16444.75,16424.75,16484.75,20.0,continuation,2023-05-22 11:38:00,16424.75,SL,-20.0,-1.0,2023,1.0099880382775117
1,2023-05-25 09:15:00,16493.25,16473.25,16533.25,20.0,continuation,2023-05-25 09:31:00,16473.25,SL,-20.0,-1.0,2023,0.009988038277511713
1,2023-05-26 09:16:00,16556.0,16536.0,16596.0,20.0,continuation,2023-05-26 09:41:00,16596.0,TP,40.0,2.0,2023,2.0099880382775117
1,2023-05-26 10:03:00,16657.5,16625.5,16721.5,32.0,continuation,2023-05-26 10:29:00,16721.5,TP,64.0,2.0,2023,4.009988038277512
-1,2023-05-31 11:21:00,16800.25,16829.25,16742.25,29.0,continuation,2023-05-31 11:55:00,16829.25,SL,-29.0,-1.0,2023,3.0099880382775117
1,2023-06-05 09:37:00,17125.75,17079.25,17218.75,46.5,continuation,2023-06-05 13:01:00,17218.75,TP,93.0,2.0,2023,5.009988038277512
1,2023-06-12 11:54:00,17195.75,17175.75,17235.75,20.0,continuation,2023-06-12 13:49:00,17235.75,TP,40.0,2.0,2023,7.009988038277512
1,2023-06-14 11:18:00,17531.5,17478.5,17637.5,53.0,continuation,2023-06-14 13:17:00,17478.5,SL,-53.0,-1.0,2023,6.009988038277512
1,2023-06-15 11:45:00,17658.25,17625.0,17724.75,33.25,continuation,2023-06-15 12:37:00,17625.0,SL,-33.25,-1.0,2023,5.009988038277512
-1,2023-06-19 09:33:00,17596.25,17616.25,17556.25,20.0,continuation,2023-06-19 18:01:00,17597.5,EOD,-1.25,-0.0625,2023,4.947488038277512
-1,2023-06-21 09:48:00,17517.0,17565.25,17420.5,48.25,continuation,2023-06-21 10:45:00,17420.5,TP,96.5,2.0,2023,6.947488038277512
-1,2023-06-23 09:46:00,17383.25,17438.0,17273.75,54.75,continuation,2023-06-23 12:16:00,17438.0,SL,-54.75,-1.0,2023,5.947488038277512
1,2023-06-30 09:43:00,17619.25,17599.25,17659.25,20.0,continuation,2023-06-30 09:46:00,17659.25,TP,40.0,2.0,2023,7.947488038277512
1,2023-06-30 09:48:00,17650.5,17601.75,17748.0,48.75,continuation,2023-06-30 15:59:00,17689.5,EOD,39.0,0.8,2023,8.747488038277512
1,2023-07-04 09:34:00,17713.25,17693.25,17753.25,20.0,continuation,2023-07-04 12:09:00,17693.25,SL,-20.0,-1.0,2023,7.7474880382775115
-1,2023-07-06 09:37:00,17513.0,17564.5,17410.0,51.5,continuation,2023-07-06 12:37:00,17564.5,SL,-51.5,-1.0,2023,6.7474880382775115
-1,2023-07-11 10:09:00,17477.5,17518.5,17395.5,41.0,continuation,2023-07-11 10:28:00,17518.5,SL,-41.0,-1.0,2023,5.7474880382775115
1,2023-07-12 09:17:00,17768.25,17746.75,17811.25,21.5,continuation,2023-07-12 09:55:00,17811.25,TP,43.0,2.0,2023,7.7474880382775115
1,2023-07-13 09:30:00,17922.5,17902.5,17962.5,20.0,continuation,2023-07-13 09:31:00,17902.5,SL,-20.0,-1.0,2023,6.7474880382775115
1,2023-07-14 10:05:00,18157.5,18116.25,18240.0,41.25,continuation,2023-07-14 10:49:00,18116.25,SL,-41.25,-1.0,2023,5.7474880382775115
1,2023-07-17 10:03:00,18085.25,18057.75,18140.25,27.5,continuation,2023-07-17 11:39:00,18140.25,TP,55.0,2.0,2023,7.7474880382775115
1,2023-07-17 11:41:00,18134.75,18095.5,18213.25,39.25,continuation,2023-07-17 15:20:00,18213.25,TP,78.5,2.0,2023,9.747488038277512
1,2023-07-28 09:25:00,18082.25,18062.25,18122.25,20.0,continuation,2023-07-28 09:40:00,18122.25,TP,40.0,2.0,2023,11.747488038277512
1,2023-07-28 09:53:00,18154.0,18117.0,18228.0,37.0,continuation,2023-07-28 11:42:00,18228.0,TP,74.0,2.0,2023,13.747488038277512
-1,2023-08-02 09:15:00,18008.5,18028.5,17968.5,20.0,continuation,2023-08-02 09:36:00,17968.5,TP,40.0,2.0,2023,15.747488038277512
-1,2023-08-02 11:44:00,17845.0,17872.5,17790.0,27.5,continuation,2023-08-02 12:02:00,17790.0,TP,55.0,2.0,2023,17.74748803827751
-1,2023-08-08 10:13:00,17620.5,17658.0,17545.5,37.5,continuation,2023-08-08 14:14:00,17658.0,SL,-37.5,-1.0,2023,16.74748803827751
-1,2023-08-11 09:19:00,17455.75,17475.75,17415.75,20.0,continuation,2023-08-11 09:32:00,17415.75,TP,40.0,2.0,2023,18.74748803827751
-1,2023-08-11 10:37:00,17477.0,17508.75,17413.5,31.75,continuation,2023-08-11 10:41:00,17508.75,SL,-31.75,-1.0,2023,17.74748803827751
-1,2023-08-14 09:19:00,17416.5,17436.5,17376.5,20.0,continuation,2023-08-14 09:41:00,17436.5,SL,-20.0,-1.0,2023,16.74748803827751
-1,2023-08-15 10:27:00,17477.75,17510.75,17411.75,33.0,continuation,2023-08-15 11:04:00,17510.75,SL,-33.0,-1.0,2023,15.74748803827751
-1,2023-08-16 09:37:00,17419.75,17440.75,17377.75,21.0,continuation,2023-08-16 09:38:00,17440.75,SL,-21.0,-1.0,2023,14.74748803827751
-1,2023-08-17 10:21:00,17253.0,17273.25,17212.5,20.25,continuation,2023-08-17 10:35:00,17212.5,TP,40.5,2.0,2023,16.74748803827751
-1,2023-08-17 11:51:00,17224.25,17244.25,17184.25,20.0,continuation,2023-08-17 11:53:00,17244.25,SL,-20.0,-1.0,2023,15.74748803827751
1,2023-08-21 10:03:00,17252.5,17197.5,17362.5,55.0,continuation,2023-08-21 10:26:00,17197.5,SL,-55.0,-1.0,2023,14.74748803827751
1,2023-08-23 10:15:00,17472.75,17429.0,17560.25,43.75,continuation,2023-08-23 13:18:00,17560.25,TP,87.5,2.0,2023,16.74748803827751
1,2023-08-29 10:18:00,17603.0,17565.25,17678.5,37.75,continuation,2023-08-29 11:13:00,17678.5,TP,75.5,2.0,2023,18.74748803827751
1,2023-08-29 11:16:00,17680.75,17646.75,17748.75,34.0,continuation,2023-08-29 13:37:00,17748.75,TP,68.0,2.0,2023,20.74748803827751
1,2023-08-30 09:54:00,17782.75,17742.25,17863.75,40.5,continuation,2023-08-30 10:27:00,17742.25,SL,-40.5,-1.0,2023,19.74748803827751
1,2023-09-04 09:46:00,17918.75,17898.75,17958.75,20.0,continuation,2023-09-04 10:21:00,17898.75,SL,-20.0,-1.0,2023,18.74748803827751
-1,2023-09-07 10:06:00,17519.0,17551.0,17455.0,32.0,continuation,2023-09-07 10:11:00,17551.0,SL,-32.0,-1.0,2023,17.74748803827751
1,2023-09-12 10:16:00,17795.0,17774.25,17836.5,20.75,continuation,2023-09-12 10:23:00,17774.25,SL,-20.75,-1.0,2023,16.74748803827751
1,2023-09-14 11:11:00,17834.75,17800.0,17904.25,34.75,continuation,2023-09-14 11:39:00,17800.0,SL,-34.75,-1.0,2023,15.74748803827751
-1,2023-09-18 09:15:00,17502.5,17522.5,17462.5,20.0,continuation,2023-09-18 09:31:00,17522.5,SL,-20.0,-1.0,2023,14.74748803827751
-1,2023-09-19 10:37:00,17436.0,17469.75,17368.5,33.75,continuation,2023-09-19 13:08:00,17469.75,SL,-33.75,-1.0,2023,13.74748803827751
-1,2023-09-20 10:53:00,17525.0,17545.5,17484.0,20.5,continuation,2023-09-20 11:24:00,17484.0,TP,41.0,2.0,2023,15.74748803827751
-1,2023-09-26 11:10:00,16907.75,16930.5,16862.25,22.75,continuation,2023-09-26 12:53:00,16930.5,SL,-22.75,-1.0,2023,14.74748803827751
1,2023-09-29 09:51:00,17167.25,17125.75,17250.25,41.5,continuation,2023-09-29 10:25:00,17125.75,SL,-41.5,-1.0,2023,13.74748803827751
1,2023-09-29 10:49:00,17158.25,17132.75,17209.25,25.5,continuation,2023-09-29 11:06:00,17132.75,SL,-25.5,-1.0,2023,12.74748803827751
1,2023-10-02 11:06:00,17105.5,17071.5,17173.5,34.0,continuation,2023-10-02 11:22:00,17173.5,TP,68.0,2.0,2023,14.74748803827751
1,2023-10-09 10:18:00,17184.5,17135.0,17283.5,49.5,continuation,2023-10-09 10:50:00,17135.0,SL,-49.5,-1.0,2023,13.74748803827751
1,2023-10-09 11:52:00,17187.25,17167.25,17227.25,20.0,continuation,2023-10-09 12:21:00,17227.25,TP,40.0,2.0,2023,15.74748803827751
1,2023-10-10 10:17:00,17407.75,17386.75,17449.75,21.0,continuation,2023-10-10 10:33:00,17449.75,TP,42.0,2.0,2023,17.74748803827751
1,2023-10-13 09:58:00,17501.0,17462.75,17577.5,38.25,continuation,2023-10-13 10:01:00,17462.75,SL,-38.25,-1.0,2023,16.74748803827751
-1,2023-10-18 09:28:00,17287.0,17307.0,17247.0,20.0,continuation,2023-10-18 09:34:00,17307.0,SL,-20.0,-1.0,2023,15.74748803827751
-1,2023-10-20 10:39:00,16907.25,16928.5,16864.75,21.25,continuation,2023-10-20 10:52:00,16864.75,TP,42.5,2.0,2023,17.74748803827751
-1,2023-10-30 09:18:00,16505.75,16525.75,16465.75,20.0,continuation,2023-10-30 09:31:00,16525.75,SL,-20.0,-1.0,2023,16.74748803827751
1,2023-11-01 09:16:00,16655.5,16616.0,16734.5,39.5,continuation,2023-11-01 10:21:00,16734.5,TP,79.0,2.0,2023,18.74748803827751
1,2023-11-01 10:47:00,16792.75,16770.5,16837.25,22.25,continuation,2023-11-01 10:50:00,16770.5,SL,-22.25,-1.0,2023,17.74748803827751
1,2023-11-02 09:42:00,17087.75,17052.75,17157.75,35.0,continuation,2023-11-02 09:48:00,17052.75,SL,-35.0,-1.0,2023,16.74748803827751
1,2023-11-02 11:06:00,17113.0,17091.5,17156.0,21.5,continuation,2023-11-02 11:16:00,17091.5,SL,-21.5,-1.0,2023,15.74748803827751
1,2023-11-03 09:30:00,17197.75,17167.5,17258.25,30.25,continuation,2023-11-03 09:46:00,17258.25,TP,60.5,2.0,2023,17.74748803827751
1,2023-11-03 09:59:00,17282.75,17262.75,17322.75,20.0,continuation,2023-11-03 10:04:00,17262.75,SL,-20.0,-1.0,2023,16.74748803827751
1,2023-11-07 09:21:00,17431.0,17393.25,17506.5,37.75,continuation,2023-11-07 09:35:00,17393.25,SL,-37.75,-1.0,2023,15.74748803827751
1,2023-11-07 09:59:00,17445.5,17392.25,17552.0,53.25,continuation,2023-11-07 11:38:00,17552.0,TP,106.5,2.0,2023,17.74748803827751
1,2023-11-08 09:41:00,17549.25,17523.0,17601.75,26.25,continuation,2023-11-08 10:03:00,17523.0,SL,-26.25,-1.0,2023,16.74748803827751
1,2023-11-09 11:54:00,17596.5,17554.0,17681.5,42.5,continuation,2023-11-09 12:17:00,17554.0,SL,-42.5,-1.0,2023,15.74748803827751
1,2023-11-14 10:01:00,18011.25,17991.25,18051.25,20.0,continuation,2023-11-14 10:46:00,18051.25,TP,40.0,2.0,2023,17.74748803827751
1,2023-11-14 10:49:00,18044.5,18024.5,18084.5,20.0,continuation,2023-11-14 10:58:00,18024.5,SL,-20.0,-1.0,2023,16.74748803827751
1,2023-11-16 09:52:00,18018.0,17974.25,18105.5,43.75,continuation,2023-11-16 10:42:00,17974.25,SL,-43.75,-1.0,2023,15.74748803827751
1,2023-11-20 11:03:00,18153.25,18113.5,18232.75,39.75,continuation,2023-11-20 14:40:00,18232.75,TP,79.5,2.0,2023,17.74748803827751
1,2023-11-22 09:34:00,18263.25,18210.5,18368.75,52.75,continuation,2023-11-22 09:54:00,18210.5,SL,-52.75,-1.0,2023,16.74748803827751
1,2023-11-23 11:23:00,18217.0,18197.0,18257.0,20.0,continuation,2023-11-23 18:01:00,18220.25,EOD,3.25,0.1625,2023,16.90998803827751
-1,2023-12-01 09:16:00,18081.0,18101.0,18041.0,20.0,continuation,2023-12-01 09:35:00,18041.0,TP,40.0,2.0,2023,18.90998803827751
-1,2023-12-01 10:34:00,18039.25,18072.25,17973.25,33.0,continuation,2023-12-01 11:03:00,18072.25,SL,-33.0,-1.0,2023,17.90998803827751
-1,2023-12-04 09:15:00,18033.25,18068.5,17962.75,35.25,continuation,2023-12-04 10:17:00,17962.75,TP,70.5,2.0,2023,19.90998803827751
-1,2023-12-04 10:53:00,17891.0,17911.0,17851.0,20.0,continuation,2023-12-04 11:24:00,17911.0,SL,-20.0,-1.0,2023,18.90998803827751
1,2023-12-08 10:03:00,18172.75,18126.75,18264.75,46.0,continuation,2023-12-08 14:48:00,18264.75,TP,92.0,2.0,2023,20.90998803827751
1,2023-12-11 10:08:00,18318.5,18294.5,18366.5,24.0,continuation,2023-12-11 10:31:00,18294.5,SL,-24.0,-1.0,2023,19.90998803827751
1,2023-12-11 10:51:00,18339.0,18296.5,18424.0,42.5,continuation,2023-12-11 11:14:00,18296.5,SL,-42.5,-1.0,2023,18.90998803827751
1,2023-12-15 10:56:00,18809.25,18783.25,18861.25,26.0,continuation,2023-12-15 11:12:00,18783.25,SL,-26.0,-1.0,2023,17.90998803827751
1,2023-12-18 10:06:00,18834.5,18783.0,18937.5,51.5,continuation,2023-12-18 15:59:00,18882.75,EOD,48.25,0.9368932038834952,2023,18.846881242161007
1,2023-12-20 10:10:00,18972.0,18948.25,19019.5,23.75,continuation,2023-12-20 14:31:00,18948.25,SL,-23.75,-1.0,2023,17.846881242161007
1,2023-12-21 09:33:00,18883.25,18852.25,18945.25,31.0,continuation,2023-12-21 09:37:00,18852.25,SL,-31.0,-1.0,2023,16.846881242161007
1,2023-12-22 09:47:00,18963.25,18928.5,19032.75,34.75,continuation,2023-12-22 11:01:00,18928.5,SL,-34.75,-1.0,2023,15.846881242161007
1,2023-12-26 10:28:00,18992.5,18972.5,19032.5,20.0,continuation,2023-12-26 10:52:00,18972.5,SL,-20.0,-1.0,2023,14.846881242161007
1,2023-12-26 11:48:00,18988.0,18968.0,19028.0,20.0,continuation,2023-12-26 15:22:00,19028.0,TP,40.0,2.0,2023,16.846881242161007
1,2023-12-27 09:33:00,19043.25,19023.25,19083.25,20.0,continuation,2023-12-27 10:14:00,19023.25,SL,-20.0,-1.0,2023,15.846881242161007
-1,2024-01-02 10:18:00,18690.75,18714.25,18643.75,23.5,continuation,2024-01-02 10:32:00,18643.75,TP,47.0,2.0,2024,17.846881242161007
-1,2024-01-02 10:34:00,18654.0,18702.75,18556.5,48.75,continuation,2024-01-02 11:30:00,18702.75,SL,-48.75,-1.0,2024,16.846881242161007
-1,2024-01-03 09:16:00,18543.0,18578.25,18472.5,35.25,continuation,2024-01-03 09:45:00,18578.25,SL,-35.25,-1.0,2024,15.846881242161007
-1,2024-01-03 10:42:00,18504.75,18524.75,18464.75,20.0,continuation,2024-01-03 10:53:00,18524.75,SL,-20.0,-1.0,2024,14.846881242161007
1,2024-01-09 10:39:00,18675.75,18651.25,18724.75,24.5,continuation,2024-01-09 11:24:00,18724.75,TP,49.0,2.0,2024,16.846881242161007
1,2024-01-09 11:34:00,18723.0,18703.0,18763.0,20.0,continuation,2024-01-09 11:56:00,18763.0,TP,40.0,2.0,2024,18.846881242161007
1,2024-01-10 10:46:00,18825.25,18792.5,18890.75,32.75,continuation,2024-01-10 14:14:00,18890.75,TP,65.5,2.0,2024,20.846881242161007
-1,2024-01-15 09:51:00,18886.75,18906.75,18846.75,20.0,continuation,2024-01-15 10:38:00,18906.75,SL,-20.0,-1.0,2024,19.846881242161007
-1,2024-01-17 09:26:00,18766.25,18787.0,18724.75,20.75,continuation,2024-01-17 09:33:00,18724.75,TP,41.5,2.0,2024,21.846881242161007
-1,2024-01-17 11:16:00,18744.25,18764.25,18704.25,20.0,continuation,2024-01-17 11:23:00,18764.25,SL,-20.0,-1.0,2024,20.846881242161007
1,2024-01-18 11:34:00,19034.0,19007.25,19087.5,26.75,continuation,2024-01-18 12:01:00,19007.25,SL,-26.75,-1.0,2024,19.846881242161007
1,2024-01-25 09:15:00,19659.0,19637.0,19703.0,22.0,continuation,2024-01-25 09:31:00,19637.0,SL,-22.0,-1.0,2024,18.846881242161007
1,2024-01-25 10:25:00,19663.5,19636.5,19717.5,27.0,continuation,2024-01-25 10:36:00,19636.5,SL,-27.0,-1.0,2024,17.846881242161007
-1,2024-01-29 09:19:00,19481.25,19501.25,19441.25,20.0,continuation,2024-01-29 09:36:00,19501.25,SL,-20.0,-1.0,2024,16.846881242161007
-1,2024-02-01 10:25:00,19274.5,19296.75,19230.0,22.25,continuation,2024-02-01 10:29:00,19296.75,SL,-22.25,-1.0,2024,15.846881242161007
1,2024-02-02 11:33:00,19612.25,19577.25,19682.25,35.0,continuation,2024-02-02 12:29:00,19682.25,TP,70.0,2.0,2024,17.846881242161007
1,2024-02-06 09:22:00,19689.25,19669.25,19729.25,20.0,continuation,2024-02-06 09:35:00,19669.25,SL,-20.0,-1.0,2024,16.846881242161007
1,2024-02-07 10:31:00,19796.75,19745.0,19900.25,51.75,continuation,2024-02-07 11:35:00,19745.0,SL,-51.75,-1.0,2024,15.846881242161007
1,2024-02-07 11:53:00,19774.75,19754.75,19814.75,20.0,continuation,2024-02-07 12:31:00,19754.75,SL,-20.0,-1.0,2024,14.846881242161007
1,2024-02-08 09:19:00,19764.75,19744.75,19804.75,20.0,continuation,2024-02-08 10:22:00,19804.75,TP,40.0,2.0,2024,16.846881242161007
1,2024-02-08 11:14:00,19822.25,19774.75,19917.25,47.5,continuation,2024-02-08 14:37:00,19774.75,SL,-47.5,-1.0,2024,15.846881242161007
1,2024-02-09 11:43:00,19931.75,19906.25,19982.75,25.5,continuation,2024-02-09 13:34:00,19982.75,TP,51.0,2.0,2024,17.846881242161007
-1,2024-02-13 09:20:00,19586.75,19610.5,19539.25,23.75,continuation,2024-02-13 09:31:00,19539.25,TP,47.5,2.0,2024,19.846881242161007
-1,2024-02-13 09:31:00,19570.5,19590.5,19530.5,20.0,continuation,2024-02-13 09:36:00,19590.5,SL,-20.0,-1.0,2024,18.846881242161007
-1,2024-02-14 11:18:00,19655.25,19685.5,19594.75,30.25,continuation,2024-02-14 11:24:00,19685.5,SL,-30.25,-1.0,2024,17.846881242161007
-1,2024-02-14 11:46:00,19678.75,19711.5,19613.25,32.75,continuation,2024-02-14 12:33:00,19711.5,SL,-32.75,-1.0,2024,16.846881242161007
-1,2024-02-16 09:35:00,19850.5,19894.0,19763.5,43.5,continuation,2024-02-16 09:53:00,19763.5,TP,87.0,2.0,2024,18.846881242161007
-1,2024-02-16 10:36:00,19700.75,19720.75,19660.75,20.0,continuation,2024-02-16 10:38:00,19720.75,SL,-20.0,-1.0,2024,17.846881242161007
-1,2024-02-20 10:05:00,19485.5,19525.75,19405.0,40.25,continuation,2024-02-20 11:01:00,19525.75,SL,-40.25,-1.0,2024,16.846881242161007
-1,2024-02-20 11:38:00,19480.25,19519.75,19401.25,39.5,continuation,2024-02-20 12:20:00,19401.25,TP,79.0,2.0,2024,18.846881242161007
-1,2024-02-21 09:27:00,19438.5,19458.5,19398.5,20.0,continuation,2024-02-21 09:44:00,19398.5,TP,40.0,2.0,2024,20.846881242161007
-1,2024-02-21 09:46:00,19413.5,19453.75,19333.0,40.25,continuation,2024-02-21 10:05:00,19453.75,SL,-40.25,-1.0,2024,19.846881242161007
1,2024-02-22 10:11:00,19866.25,19836.75,19925.25,29.5,continuation,2024-02-22 10:50:00,19836.75,SL,-29.5,-1.0,2024,18.846881242161007
1,2024-02-23 09:23:00,20048.75,20015.5,20115.25,33.25,continuation,2024-02-23 09:58:00,20015.5,SL,-33.25,-1.0,2024,17.846881242161007
1,2024-02-26 09:33:00,19970.5,19934.25,20043.0,36.25,continuation,2024-02-26 09:45:00,19934.25,SL,-36.25,-1.0,2024,16.846881242161007
1,2024-03-01 10:49:00,20123.5,20092.5,20185.5,31.0,continuation,2024-03-01 11:52:00,20185.5,TP,62.0,2.0,2024,18.846881242161007
-1,2024-03-05 10:27:00,19905.0,19929.75,19855.5,24.75,continuation,2024-03-05 10:50:00,19855.5,TP,49.5,2.0,2024,20.846881242161007
-1,2024-03-05 10:51:00,19874.0,19894.0,19834.0,20.0,continuation,2024-03-05 11:21:00,19894.0,SL,-20.0,-1.0,2024,19.846881242161007
1,2024-03-08 09:50:00,20290.5,20243.75,20384.0,46.75,continuation,2024-03-08 11:06:00,20243.75,SL,-46.75,-1.0,2024,18.846881242161007
1,2024-03-12 11:11:00,20118.25,20090.5,20173.75,27.75,continuation,2024-03-12 11:46:00,20090.5,SL,-27.75,-1.0,2024,17.846881242161007
1,2024-03-12 11:53:00,20115.25,20079.75,20186.25,35.5,continuation,2024-03-12 12:05:00,20079.75,SL,-35.5,-1.0,2024,16.846881242161007
-1,2024-03-19 10:32:00,19773.75,19802.0,19717.25,28.25,continuation,2024-03-19 10:36:00,19802.0,SL,-28.25,-1.0,2024,15.846881242161007
1,2024-03-21 09:41:00,20373.75,20349.0,20423.25,24.75,continuation,2024-03-21 09:49:00,20349.0,SL,-24.75,-1.0,2024,14.846881242161007
-1,2024-03-25 09:25:00,20165.0,20185.0,20125.0,20.0,continuation,2024-03-25 09:41:00,20125.0,TP,40.0,2.0,2024,16.846881242161007
-1,2024-03-27 10:52:00,20107.5,20130.5,20061.5,23.0,continuation,2024-03-27 12:28:00,20130.5,SL,-23.0,-1.0,2024,15.846881242161007
-1,2024-04-02 09:16:00,19987.25,20035.5,19890.75,48.25,continuation,2024-04-02 15:50:00,20035.5,SL,-48.25,-1.0,2024,14.846881242161007
-1,2024-04-09 10:51:00,19880.0,19933.75,19772.5,53.75,continuation,2024-04-09 11:08:00,19933.75,SL,-53.75,-1.0,2024,13.846881242161007
-1,2024-04-09 11:31:00,19921.0,19951.75,19859.5,30.75,continuation,2024-04-09 11:45:00,19951.75,SL,-30.75,-1.0,2024,12.846881242161007
1,2024-04-15 09:22:00,20035.25,20015.25,20075.25,20.0,continuation,2024-04-15 09:31:00,20015.25,SL,-20.0,-1.0,2024,11.846881242161007
-1,2024-04-17 10:07:00,19552.0,19599.5,19457.0,47.5,continuation,2024-04-17 11:31:00,19457.0,TP,95.0,2.0,2024,13.846881242161007
-1,2024-04-19 10:59:00,19088.75,19116.0,19034.25,27.25,continuation,2024-04-19 11:20:00,19034.25,TP,54.5,2.0,2024,15.846881242161007
1,2024-04-29 09:31:00,19606.75,19586.75,19646.75,20.0,continuation,2024-04-29 09:40:00,19586.75,SL,-20.0,-1.0,2024,14.846881242161007
-1,2024-05-02 10:46:00,19164.25,19216.75,19059.25,52.5,continuation,2024-05-02 10:59:00,19216.75,SL,-52.5,-1.0,2024,13.846881242161007
1,2024-05-06 09:21:00,19757.5,19737.5,19797.5,20.0,continuation,2024-05-06 09:33:00,19737.5,SL,-20.0,-1.0,2024,12.846881242161007
1,2024-05-06 09:40:00,19784.0,19734.5,19883.0,49.5,continuation,2024-05-06 15:56:00,19883.0,TP,99.0,2.0,2024,14.846881242161007
1,2024-05-07 09:26:00,19893.25,19873.25,19933.25,20.0,continuation,2024-05-07 10:56:00,19933.25,TP,40.0,2.0,2024,16.846881242161007
1,2024-05-07 11:09:00,19942.25,19922.25,19982.25,20.0,continuation,2024-05-07 12:52:00,19922.25,SL,-20.0,-1.0,2024,15.846881242161007
1,2024-05-08 10:31:00,19896.75,19843.25,20003.75,53.5,continuation,2024-05-08 13:02:00,19843.25,SL,-53.5,-1.0,2024,14.846881242161007
1,2024-05-09 09:15:00,19894.5,19872.0,19939.5,22.5,continuation,2024-05-09 09:34:00,19872.0,SL,-22.5,-1.0,2024,13.846881242161007
1,2024-05-09 11:04:00,19908.75,19888.75,19948.75,20.0,continuation,2024-05-09 11:48:00,19888.75,SL,-20.0,-1.0,2024,12.846881242161007
1,2024-05-13 09:28:00,20022.5,20002.5,20062.5,20.0,continuation,2024-05-13 09:34:00,20002.5,SL,-20.0,-1.0,2024,11.846881242161007
1,2024-05-14 10:17:00,19987.75,19966.0,20031.25,21.75,continuation,2024-05-14 10:25:00,20031.25,TP,43.5,2.0,2024,13.846881242161007
1,2024-05-15 09:15:00,20204.0,20184.0,20244.0,20.0,continuation,2024-05-15 09:46:00,20184.0,SL,-20.0,-1.0,2024,12.846881242161007
1,2024-05-15 10:23:00,20223.25,20194.0,20281.75,29.25,continuation,2024-05-15 11:09:00,20281.75,TP,58.5,2.0,2024,14.846881242161007
1,2024-05-20 10:19:00,20441.5,20421.5,20481.5,20.0,continuation,2024-05-20 12:54:00,20481.5,TP,40.0,2.0,2024,16.846881242161007
1,2024-05-22 11:08:00,20525.75,20496.75,20583.75,29.0,continuation,2024-05-22 11:51:00,20496.75,SL,-29.0,-1.0,2024,15.846881242161007
1,2024-05-24 10:52:00,20531.0,20505.25,20582.5,25.75,continuation,2024-05-24 11:05:00,20582.5,TP,51.5,2.0,2024,17.846881242161007
1,2024-05-27 11:04:00,20607.0,20569.75,20681.5,37.25,continuation,2024-05-27 18:01:00,20631.5,EOD,24.5,0.6577181208053692,2024,18.504599362966378
-1,2024-05-31 11:14:00,20044.0,20065.75,20000.5,21.75,continuation,2024-05-31 11:52:00,20000.5,TP,43.5,2.0,2024,20.504599362966378
1,2024-06-05 09:15:00,20530.25,20510.25,20570.25,20.0,continuation,2024-06-05 09:36:00,20510.25,SL,-20.0,-1.0,2024,19.504599362966378
1,2024-06-10 10:55:00,20748.25,20719.5,20805.75,28.75,continuation,2024-06-10 11:57:00,20805.75,TP,57.5,2.0,2024,21.504599362966378
1,2024-06-11 10:46:00,20796.75,20770.75,20848.75,26.0,continuation,2024-06-11 11:44:00,20770.75,SL,-26.0,-1.0,2024,20.504599362966378
1,2024-06-12 09:36:00,21118.0,21066.5,21221.0,51.5,continuation,2024-06-12 10:25:00,21221.0,TP,103.0,2.0,2024,22.504599362966378
1,2024-06-12 10:31:00,21229.0,21198.0,21291.0,31.0,continuation,2024-06-12 10:45:00,21198.0,SL,-31.0,-1.0,2024,21.504599362966378
1,2024-06-14 10:21:00,21315.75,21278.0,21391.25,37.75,continuation,2024-06-14 10:38:00,21278.0,SL,-37.75,-1.0,2024,20.504599362966378
1,2024-06-19 09:15:00,21679.75,21659.75,21719.75,20.0,continuation,2024-06-19 10:34:00,21659.75,SL,-20.0,-1.0,2024,19.504599362966378
1,2024-06-19 10:59:00,21669.0,21649.0,21709.0,20.0,continuation,2024-06-19 18:01:00,21669.75,EOD,0.75,0.0375,2024,19.54209936296638
-1,2024-06-21 11:38:00,21435.25,21476.5,21352.75,41.25,continuation,2024-06-21 11:50:00,21476.5,SL,-41.25,-1.0,2024,18.54209936296638
1,2024-07-02 09:24:00,21413.0,21393.0,21453.0,20.0,continuation,2024-07-02 09:33:00,21453.0,TP,40.0,2.0,2024,20.54209936296638
1,2024-07-02 09:35:00,21452.25,21401.75,21553.25,50.5,continuation,2024-07-02 10:58:00,21553.25,TP,101.0,2.0,2024,22.54209936296638
1,2024-07-03 10:41:00,21707.0,21687.0,21747.0,20.0,continuation,2024-07-03 10:47:00,21747.0,TP,40.0,2.0,2024,24.54209936296638
1,2024-07-03 10:49:00,21742.0,21687.75,21850.5,54.25,continuation,2024-07-03 12:23:00,21850.5,TP,108.5,2.0,2024,26.54209936296638
1,2024-07-05 10:44:00,21959.5,21921.5,22035.5,38.0,continuation,2024-07-05 11:50:00,22035.5,TP,76.0,2.0,2024,28.54209936296638
1,2024-07-05 11:51:00,22029.75,21978.25,22132.75,51.5,continuation,2024-07-05 15:59:00,22064.25,EOD,34.5,0.6699029126213593,2024,29.21200227558774
1,2024-07-08 09:15:00,22067.75,22047.75,22107.75,20.0,continuation,2024-07-08 09:36:00,22047.75,SL,-20.0,-1.0,2024,28.21200227558774
1,2024-07-08 09:53:00,22077.0,22040.25,22150.5,36.75,continuation,2024-07-08 10:01:00,22040.25,SL,-36.75,-1.0,2024,27.21200227558774
1,2024-07-10 09:28:00,22196.75,22176.75,22236.75,20.0,continuation,2024-07-10 09:33:00,22176.75,SL,-20.0,-1.0,2024,26.21200227558774
1,2024-07-10 09:51:00,22191.0,22152.5,22268.0,38.5,continuation,2024-07-10 11:01:00,22152.5,SL,-38.5,-1.0,2024,25.21200227558774
-1,2024-07-17 11:28:00,21543.0,21586.75,21455.5,43.75,continuation,2024-07-17 12:39:00,21455.5,TP,87.5,2.0,2024,27.21200227558774
-1,2024-07-18 11:36:00,21243.75,21285.0,21161.25,41.25,continuation,2024-07-18 11:38:00,21285.0,SL,-41.25,-1.0,2024,26.21200227558774
-1,2024-07-22 11:40:00,21278.25,21299.75,21235.25,21.5,continuation,2024-07-22 11:54:00,21299.75,SL,-21.5,-1.0,2024,25.21200227558774
-1,2024-07-24 10:15:00,20914.0,20956.5,20829.0,42.5,continuation,2024-07-24 11:17:00,20829.0,TP,85.0,2.0,2024,27.21200227558774
-1,2024-07-24 11:43:00,20827.0,20849.0,20783.0,22.0,continuation,2024-07-24 12:01:00,20783.0,TP,44.0,2.0,2024,29.21200227558774
-1,2024-07-26 10:20:00,20523.75,20560.75,20449.75,37.0,continuation,2024-07-26 10:24:00,20560.75,SL,-37.0,-1.0,2024,28.21200227558774
1,2024-07-29 10:04:00,20780.0,20725.75,20888.5,54.25,continuation,2024-07-29 10:11:00,20725.75,SL,-54.25,-1.0,2024,27.21200227558774
-1,2024-07-30 10:21:00,20642.25,20680.0,20566.75,37.75,continuation,2024-07-30 10:36:00,20566.75,TP,75.5,2.0,2024,29.21200227558774
-1,2024-07-30 10:55:00,20559.75,20595.25,20488.75,35.5,continuation,2024-07-30 11:03:00,20488.75,TP,71.0,2.0,2024,31.21200227558774
-1,2024-08-02 11:23:00,19877.75,19923.25,19786.75,45.5,continuation,2024-08-02 11:24:00,19923.25,SL,-45.5,-1.0,2024,30.21200227558774
1,2024-08-12 10:39:00,20160.5,20120.25,20241.0,40.25,continuation,2024-08-12 11:23:00,20120.25,SL,-40.25,-1.0,2024,29.21200227558774
1,2024-08-13 11:07:00,20388.0,20364.5,20435.0,23.5,continuation,2024-08-13 12:10:00,20435.0,TP,47.0,2.0,2024,31.21200227558774
1,2024-08-15 09:31:00,20777.25,20748.25,20835.25,29.0,continuation,2024-08-15 09:50:00,20835.25,TP,58.0,2.0,2024,33.212002275587736
1,2024-08-15 10:16:00,20877.0,20843.0,20945.0,34.0,continuation,2024-08-15 10:49:00,20945.0,TP,68.0,2.0,2024,35.212002275587736
1,2024-08-19 09:18:00,21066.25,21046.25,21106.25,20.0,continuation,2024-08-19 09:28:00,21046.25,SL,-20.0,-1.0,2024,34.212002275587736
1,2024-08-21 09:26:00,21285.0,21265.0,21325.0,20.0,continuation,2024-08-21 09:31:00,21265.0,SL,-20.0,-1.0,2024,33.212002275587736
1,2024-08-21 09:43:00,21280.0,21244.0,21352.0,36.0,continuation,2024-08-21 10:37:00,21352.0,TP,72.0,2.0,2024,35.212002275587736
-1,2024-08-26 09:31:00,21204.75,21224.75,21164.75,20.0,continuation,2024-08-26 09:34:00,21224.75,SL,-20.0,-1.0,2024,34.212002275587736
-1,2024-08-28 09:39:00,21046.5,21091.5,20956.5,45.0,continuation,2024-08-28 10:07:00,20956.5,TP,90.0,2.0,2024,36.212002275587736
-1,2024-08-28 10:37:00,20992.25,21028.25,20920.25,36.0,continuation,2024-08-28 10:46:00,20920.25,TP,72.0,2.0,2024,38.212002275587736
-1,2024-09-03 09:54:00,20830.75,20855.0,20782.25,24.25,continuation,2024-09-03 09:55:00,20782.25,TP,48.5,2.0,2024,40.212002275587736
-1,2024-09-03 11:46:00,20612.25,20661.25,20514.25,49.0,continuation,2024-09-03 14:03:00,20514.25,TP,98.0,2.0,2024,42.212002275587736
-1,2024-09-05 09:27:00,20331.0,20351.0,20291.0,20.0,continuation,2024-09-05 09:33:00,20351.0,SL,-20.0,-1.0,2024,41.212002275587736
-1,2024-09-06 11:55:00,19914.0,19950.75,19840.5,36.75,continuation,2024-09-06 13:15:00,19950.75,SL,-36.75,-1.0,2024,40.212002275587736
-1,2024-09-09 11:03:00,19969.0,20015.0,19877.0,46.0,continuation,2024-09-09 11:32:00,20015.0,SL,-46.0,-1.0,2024,39.212002275587736
1,2024-09-13 10:25:00,20940.25,20917.75,20985.25,22.5,continuation,2024-09-13 10:28:00,20917.75,SL,-22.5,-1.0,2024,38.212002275587736
-1,2024-09-18 10:23:00,20868.25,20897.0,20810.75,28.75,continuation,2024-09-18 10:30:00,20897.0,SL,-28.75,-1.0,2024,37.212002275587736
-1,2024-09-18 11:37:00,20839.25,20865.25,20787.25,26.0,continuation,2024-09-18 11:48:00,20787.25,TP,52.0,2.0,2024,39.212002275587736
1,2024-09-19 10:11:00,21214.75,21189.25,21265.75,25.5,continuation,2024-09-19 10:16:00,21265.75,TP,51.0,2.0,2024,41.212002275587736
1,2024-09-19 10:17:00,21253.0,21201.75,21355.5,51.25,continuation,2024-09-19 10:33:00,21355.5,TP,102.5,2.0,2024,43.212002275587736
1,2024-09-25 09:36:00,21382.75,21334.0,21480.25,48.75,continuation,2024-09-25 13:01:00,21334.0,SL,-48.75,-1.0,2024,42.212002275587736
-1,2024-10-04 11:25:00,21280.25,21326.25,21188.25,46.0,continuation,2024-10-04 12:00:00,21326.25,SL,-46.0,-1.0,2024,41.212002275587736
1,2024-10-08 09:22:00,21284.25,21252.25,21348.25,32.0,continuation,2024-10-08 09:57:00,21348.25,TP,64.0,2.0,2024,43.212002275587736
1,2024-10-08 10:38:00,21400.75,21351.25,21499.75,49.5,continuation,2024-10-08 15:35:00,21499.75,TP,99.0,2.0,2024,45.212002275587736
1,2024-10-09 11:14:00,21580.0,21560.0,21620.0,20.0,continuation,2024-10-09 11:48:00,21620.0,TP,40.0,2.0,2024,47.212002275587736
1,2024-10-09 11:48:00,21613.75,21593.75,21653.75,20.0,continuation,2024-10-09 12:16:00,21593.75,SL,-20.0,-1.0,2024,46.212002275587736
1,2024-10-14 10:05:00,21852.75,21832.0,21894.25,20.75,continuation,2024-10-14 10:11:00,21832.0,SL,-20.75,-1.0,2024,45.212002275587736
1,2024-10-15 09:15:00,21843.5,21819.5,21891.5,24.0,continuation,2024-10-15 09:31:00,21819.5,SL,-24.0,-1.0,2024,44.212002275587736
-1,2024-10-16 10:56:00,21489.75,21509.75,21449.75,20.0,continuation,2024-10-16 11:14:00,21509.75,SL,-20.0,-1.0,2024,43.212002275587736
-1,2024-10-16 11:50:00,21487.0,21529.5,21402.0,42.5,continuation,2024-10-16 12:59:00,21529.5,SL,-42.5,-1.0,2024,42.212002275587736
1,2024-10-18 10:32:00,21693.0,21671.5,21736.0,21.5,continuation,2024-10-18 10:37:00,21671.5,SL,-21.5,-1.0,2024,41.212002275587736
-1,2024-10-22 09:33:00,21589.25,21609.25,21549.25,20.0,continuation,2024-10-22 09:34:00,21609.25,SL,-20.0,-1.0,2024,40.212002275587736
-1,2024-10-23 09:15:00,21641.0,21661.0,21601.0,20.0,continuation,2024-10-23 10:02:00,21601.0,TP,40.0,2.0,2024,42.212002275587736
-1,2024-10-23 11:31:00,21513.25,21558.5,21422.75,45.25,continuation,2024-10-23 12:00:00,21558.5,SL,-45.25,-1.0,2024,41.212002275587736
-1,2024-10-24 10:30:00,21520.5,21561.25,21439.0,40.75,continuation,2024-10-24 10:35:00,21561.25,SL,-40.75,-1.0,2024,40.212002275587736
1,2024-10-25 09:20:00,21703.25,21683.25,21743.25,20.0,continuation,2024-10-25 09:35:00,21743.25,TP,40.0,2.0,2024,42.212002275587736
-1,2024-10-31 10:08:00,21373.75,21400.75,21319.75,27.0,continuation,2024-10-31 10:13:00,21319.75,TP,54.0,2.0,2024,44.212002275587736
-1,2024-10-31 10:15:00,21333.25,21383.0,21233.75,49.75,continuation,2024-10-31 10:18:00,21383.0,SL,-49.75,-1.0,2024,43.212002275587736
-1,2024-11-04 09:24:00,21314.5,21334.5,21274.5,20.0,continuation,2024-11-04 09:31:00,21334.5,SL,-20.0,-1.0,2024,42.212002275587736
-1,2024-11-04 09:56:00,21317.5,21337.5,21277.5,20.0,continuation,2024-11-04 10:01:00,21337.5,SL,-20.0,-1.0,2024,41.212002275587736
1,2024-11-06 11:53:00,21989.75,21969.0,22031.25,20.75,continuation,2024-11-06 13:03:00,22031.25,TP,41.5,2.0,2024,43.212002275587736
1,2024-11-07 09:16:00,22200.5,22172.25,22257.0,28.25,continuation,2024-11-07 09:38:00,22257.0,TP,56.5,2.0,2024,45.212002275587736
1,2024-11-07 10:39:00,22314.5,22282.5,22378.5,32.0,continuation,2024-11-07 11:49:00,22378.5,TP,64.0,2.0,2024,47.212002275587736
1,2024-11-08 10:57:00,22389.25,22369.25,22429.25,20.0,continuation,2024-11-08 11:04:00,22369.25,SL,-20.0,-1.0,2024,46.212002275587736
1,2024-11-08 11:29:00,22409.75,22389.75,22449.75,20.0,continuation,2024-11-08 13:37:00,22449.75,TP,40.0,2.0,2024,48.212002275587736
-1,2024-11-13 10:43:00,22310.25,22339.75,22251.25,29.5,continuation,2024-11-13 11:21:00,22339.75,SL,-29.5,-1.0,2024,47.212002275587736
-1,2024-11-14 09:23:00,22332.5,22352.5,22292.5,20.0,continuation,2024-11-14 09:31:00,22352.5,SL,-20.0,-1.0,2024,46.212002275587736
-1,2024-11-14 09:55:00,22289.5,22321.75,22225.0,32.25,continuation,2024-11-14 10:45:00,22321.75,SL,-32.25,-1.0,2024,45.212002275587736
-1,2024-11-15 11:39:00,21751.25,21790.75,21672.25,39.5,continuation,2024-11-15 12:51:00,21672.25,TP,79.0,2.0,2024,47.212002275587736
1,2024-11-26 09:17:00,22169.5,22132.25,22244.0,37.25,continuation,2024-11-26 09:26:00,22132.25,SL,-37.25,-1.0,2024,46.212002275587736
1,2024-11-26 09:48:00,22184.0,22155.75,22240.5,28.25,continuation,2024-11-26 09:57:00,22155.75,SL,-28.25,-1.0,2024,45.212002275587736
1,2024-12-04 10:38:00,22679.75,22643.25,22752.75,36.5,continuation,2024-12-04 13:37:00,22643.25,SL,-36.5,-1.0,2024,44.212002275587736
1,2024-12-06 09:16:00,22705.75,22685.75,22745.75,20.0,continuation,2024-12-06 09:31:00,22685.75,SL,-20.0,-1.0,2024,43.212002275587736
1,2024-12-06 10:29:00,22828.25,22808.25,22868.25,20.0,continuation,2024-12-06 10:51:00,22808.25,SL,-20.0,-1.0,2024,42.212002275587736
1,2024-12-10 10:18:00,22797.0,22773.25,22844.5,23.75,continuation,2024-12-10 10:25:00,22773.25,SL,-23.75,-1.0,2024,41.212002275587736
1,2024-12-16 10:06:00,23185.75,23146.75,23263.75,39.0,continuation,2024-12-16 10:22:00,23146.75,SL,-39.0,-1.0,2024,40.212002275587736
1,2024-12-16 11:04:00,23214.0,23194.0,23254.0,20.0,continuation,2024-12-16 11:22:00,23254.0,TP,40.0,2.0,2024,42.212002275587736
1,2024-12-24 09:40:00,22749.5,22709.25,22830.0,40.25,continuation,2024-12-24 10:02:00,22830.0,TP,80.5,2.0,2024,44.212002275587736
1,2024-12-24 10:54:00,22855.25,22835.25,22895.25,20.0,continuation,2024-12-24 11:17:00,22895.25,TP,40.0,2.0,2024,46.212002275587736
-1,2024-12-31 09:31:00,22379.75,22399.75,22339.75,20.0,continuation,2024-12-31 09:34:00,22399.75,SL,-20.0,-1.0,2024,45.212002275587736
-1,2024-12-31 09:53:00,22335.25,22367.5,22270.75,32.25,continuation,2024-12-31 10:03:00,22367.5,SL,-32.25,-1.0,2024,44.212002275587736
1,2025-01-06 09:56:00,22736.75,22712.0,22786.25,24.75,continuation,2025-01-06 09:58:00,22712.0,SL,-24.75,-1.0,2025,43.212002275587736
1,2025-01-06 10:39:00,22773.5,22753.5,22813.5,20.0,continuation,2025-01-06 12:01:00,22753.5,SL,-20.0,-1.0,2025,42.212002275587736
-1,2025-01-10 09:33:00,22084.5,22109.25,22035.0,24.75,continuation,2025-01-10 09:36:00,22035.0,TP,49.5,2.0,2025,44.212002275587736
-1,2025-01-10 11:40:00,21819.75,21870.25,21718.75,50.5,continuation,2025-01-10 11:44:00,21870.25,SL,-50.5,-1.0,2025,43.212002275587736
1,2025-01-20 09:43:00,22663.25,22623.25,22743.25,40.0,continuation,2025-01-20 10:17:00,22623.25,SL,-40.0,-1.0,2025,42.212002275587736
1,2025-01-21 09:17:00,22634.25,22614.25,22674.25,20.0,continuation,2025-01-21 09:25:00,22614.25,SL,-20.0,-1.0,2025,41.212002275587736
1,2025-01-22 10:09:00,22923.75,22886.0,22999.25,37.75,continuation,2025-01-22 12:05:00,22999.25,TP,75.5,2.0,2025,43.212002275587736
1,2025-01-24 09:55:00,22975.0,22928.25,23068.5,46.75,continuation,2025-01-24 10:06:00,22928.25,SL,-46.75,-1.0,2025,42.212002275587736
-1,2025-01-28 09:34:00,22185.25,22233.5,22088.75,48.25,continuation,2025-01-28 09:45:00,22088.75,TP,96.5,2.0,2025,44.212002275587736
1,2025-01-31 10:14:00,22806.0,22779.5,22859.0,26.5,continuation,2025-01-31 10:57:00,22859.0,TP,53.0,2.0,2025,46.212002275587736
1,2025-02-05 10:28:00,22466.25,22420.0,22558.75,46.25,continuation,2025-02-05 11:39:00,22558.75,TP,92.5,2.0,2025,48.212002275587736
1,2025-02-05 11:46:00,22566.25,22546.25,22606.25,20.0,continuation,2025-02-05 11:52:00,22606.25,TP,40.0,2.0,2025,50.212002275587736
1,2025-02-06 11:13:00,22712.25,22678.25,22780.25,34.0,continuation,2025-02-06 11:44:00,22678.25,SL,-34.0,-1.0,2025,49.212002275587736
-1,2025-02-12 09:15:00,22443.5,22463.5,22403.5,20.0,continuation,2025-02-12 09:23:00,22463.5,SL,-20.0,-1.0,2025,48.212002275587736
-1,2025-02-12 10:14:00,22513.75,22548.0,22445.25,34.25,continuation,2025-02-12 10:17:00,22548.0,SL,-34.25,-1.0,2025,47.212002275587736
1,2025-02-13 10:14:00,22833.5,22786.75,22927.0,46.75,continuation,2025-02-13 10:40:00,22927.0,TP,93.5,2.0,2025,49.212002275587736
1,2025-02-14 11:05:00,23063.75,23043.75,23103.75,20.0,continuation,2025-02-14 11:20:00,23043.75,SL,-20.0,-1.0,2025,48.212002275587736
1,2025-02-14 11:42:00,23046.75,23026.25,23087.75,20.5,continuation,2025-02-14 11:51:00,23026.25,SL,-20.5,-1.0,2025,47.212002275587736
-1,2025-02-21 11:56:00,22892.5,22936.25,22805.0,43.75,continuation,2025-02-21 12:21:00,22805.0,TP,87.5,2.0,2025,49.212002275587736
-1,2025-02-24 10:21:00,22458.5,22499.25,22377.0,40.75,continuation,2025-02-24 10:47:00,22377.0,TP,81.5,2.0,2025,51.212002275587736
-1,2025-02-25 11:25:00,21985.25,22008.5,21938.75,23.25,continuation,2025-02-25 11:31:00,21938.75,TP,46.5,2.0,2025,53.212002275587736
-1,2025-02-25 11:31:00,21958.5,22008.5,21858.5,50.0,continuation,2025-02-25 11:49:00,22008.5,SL,-50.0,-1.0,2025,52.212002275587736
-1,2025-02-26 09:17:00,22169.25,22200.5,22106.75,31.25,continuation,2025-02-26 09:31:00,22106.75,TP,62.5,2.0,2025,54.212002275587736
-1,2025-02-27 11:51:00,21979.5,21999.5,21939.5,20.0,continuation,2025-02-27 11:52:00,21939.5,TP,40.0,2.0,2025,56.212002275587736
-1,2025-02-27 11:55:00,21942.25,21995.75,21835.25,53.5,continuation,2025-02-27 13:13:00,21995.75,SL,-53.5,-1.0,2025,55.212002275587736
-1,2025-02-28 09:25:00,21512.75,21543.0,21452.25,30.25,continuation,2025-02-28 09:32:00,21452.25,TP,60.5,2.0,2025,57.212002275587736
-1,2025-03-04 11:21:00,21095.5,21144.5,20997.5,49.0,continuation,2025-03-04 11:43:00,21144.5,SL,-49.0,-1.0,2025,56.212002275587736
-1,2025-03-05 11:37:00,21169.75,21221.25,21066.75,51.5,continuation,2025-03-05 11:58:00,21221.25,SL,-51.5,-1.0,2025,55.212002275587736
-1,2025-03-07 11:19:00,20867.5,20907.0,20788.5,39.5,continuation,2025-03-07 11:27:00,20788.5,TP,79.0,2.0,2025,57.212002275587736
-1,2025-03-07 11:40:00,20759.25,20798.5,20680.75,39.25,continuation,2025-03-07 11:54:00,20680.75,TP,78.5,2.0,2025,59.212002275587736
-1,2025-03-10 09:25:00,20812.75,20832.75,20772.75,20.0,continuation,2025-03-10 09:31:00,20772.75,TP,40.0,2.0,2025,61.212002275587736
-1,2025-03-10 09:32:00,20799.25,20819.25,20759.25,20.0,continuation,2025-03-10 09:33:00,20759.25,TP,40.0,2.0,2025,63.212002275587736
-1,2025-03-11 09:28:00,20347.5,20381.75,20279.0,34.25,continuation,2025-03-11 09:37:00,20381.75,SL,-34.25,-1.0,2025,62.212002275587736
1,2025-03-24 09:42:00,20984.5,20935.75,21082.0,48.75,continuation,2025-03-24 12:07:00,21082.0,TP,97.5,2.0,2025,64.21200227558774
-1,2025-03-28 09:31:00,20625.5,20676.5,20523.5,51.0,continuation,2025-03-28 10:01:00,20523.5,TP,102.0,2.0,2025,66.21200227558774
-1,2025-03-28 11:26:00,20279.5,20331.75,20175.0,52.25,continuation,2025-03-28 11:34:00,20331.75,SL,-52.25,-1.0,2025,65.21200227558774
-1,2025-03-31 10:40:00,19842.75,19876.0,19776.25,33.25,continuation,2025-03-31 11:01:00,19876.0,SL,-33.25,-1.0,2025,64.21200227558774
-1,2025-03-31 11:11:00,19859.0,19888.5,19800.0,29.5,continuation,2025-03-31 11:22:00,19888.5,SL,-29.5,-1.0,2025,63.212002275587736
-1,2025-04-01 09:31:00,20092.5,20122.25,20033.0,29.75,continuation,2025-04-01 09:33:00,20122.25,SL,-29.75,-1.0,2025,62.212002275587736
1,2025-04-02 10:48:00,20302.5,20276.0,20355.5,26.5,continuation,2025-04-02 11:21:00,20355.5,TP,53.0,2.0,2025,64.21200227558774
1,2025-04-15 11:34:00,19753.5,19709.5,19841.5,44.0,continuation,2025-04-15 11:38:00,19709.5,SL,-44.0,-1.0,2025,63.212002275587736
1,2025-04-15 11:56:00,19744.0,19689.5,19853.0,54.5,continuation,2025-04-15 12:56:00,19689.5,SL,-54.5,-1.0,2025,62.212002275587736
-1,2025-04-16 09:19:00,19326.75,19347.5,19285.25,20.75,continuation,2025-04-16 09:30:00,19285.25,TP,41.5,2.0,2025,64.21200227558774
-1,2025-04-16 10:02:00,19247.75,19293.25,19156.75,45.5,continuation,2025-04-16 10:08:00,19293.25,SL,-45.5,-1.0,2025,63.212002275587736
-1,2025-04-17 10:55:00,19044.0,19076.5,18979.0,32.5,continuation,2025-04-17 11:07:00,19076.5,SL,-32.5,-1.0,2025,62.212002275587736
-1,2025-04-21 09:18:00,18807.25,18827.25,18767.25,20.0,continuation,2025-04-21 09:29:00,18827.25,SL,-20.0,-1.0,2025,61.212002275587736
-1,2025-04-21 10:21:00,18643.25,18684.5,18560.75,41.25,continuation,2025-04-21 10:40:00,18684.5,SL,-41.25,-1.0,2025,60.212002275587736
1,2025-04-23 10:46:00,19822.0,19792.25,19881.5,29.75,continuation,2025-04-23 10:51:00,19792.25,SL,-29.75,-1.0,2025,59.212002275587736
1,2025-04-24 09:26:00,19556.5,19530.5,19608.5,26.0,continuation,2025-04-24 09:39:00,19608.5,TP,52.0,2.0,2025,61.212002275587736
1,2025-04-24 11:36:00,19860.5,19829.25,19923.0,31.25,continuation,2025-04-24 11:56:00,19923.0,TP,62.5,2.0,2025,63.212002275587736
1,2025-04-29 10:58:00,20300.0,20247.75,20404.5,52.25,continuation,2025-04-29 11:19:00,20247.75,SL,-52.25,-1.0,2025,62.212002275587736
1,2025-05-02 09:58:00,20777.75,20726.25,20880.75,51.5,continuation,2025-05-02 10:18:00,20880.75,TP,103.0,2.0,2025,64.21200227558774
1,2025-05-02 10:19:00,20873.0,20822.5,20974.0,50.5,continuation,2025-05-02 10:21:00,20822.5,SL,-50.5,-1.0,2025,63.212002275587736
-1,2025-05-06 09:29:00,20502.5,20527.25,20453.0,24.75,continuation,2025-05-06 09:32:00,20527.25,SL,-24.75,-1.0,2025,62.212002275587736
-1,2025-05-07 09:22:00,20609.0,20629.0,20569.0,20.0,continuation,2025-05-07 09:34:00,20629.0,SL,-20.0,-1.0,2025,61.212002275587736
-1,2025-05-07 11:16:00,20515.25,20550.5,20444.75,35.25,continuation,2025-05-07 11:22:00,20550.5,SL,-35.25,-1.0,2025,60.212002275587736
1,2025-05-09 10:01:00,20957.25,20911.25,21049.25,46.0,continuation,2025-05-09 10:20:00,20911.25,SL,-46.0,-1.0,2025,59.212002275587736
1,2025-05-13 09:54:00,21800.25,21752.0,21896.75,48.25,continuation,2025-05-13 10:15:00,21896.75,TP,96.5,2.0,2025,61.212002275587736
1,2025-05-13 10:17:00,21908.5,21857.5,22010.5,51.0,continuation,2025-05-13 11:47:00,22010.5,TP,102.0,2.0,2025,63.212002275587736
1,2025-05-15 11:24:00,22105.5,22060.0,22196.5,45.5,continuation,2025-05-15 12:48:00,22196.5,TP,91.0,2.0,2025,65.21200227558774
1,2025-05-19 09:28:00,21897.0,21859.75,21971.5,37.25,continuation,2025-05-19 09:32:00,21971.5,TP,74.5,2.0,2025,67.21200227558774
1,2025-05-19 09:48:00,22028.25,21997.5,22089.75,30.75,continuation,2025-05-19 10:02:00,22089.75,TP,61.5,2.0,2025,69.21200227558774
1,2025-05-21 10:23:00,22109.25,22088.5,22150.75,20.75,continuation,2025-05-21 10:27:00,22088.5,SL,-20.75,-1.0,2025,68.21200227558774
1,2025-05-21 10:42:00,22111.75,22078.5,22178.25,33.25,continuation,2025-05-21 11:04:00,22178.25,TP,66.5,2.0,2025,70.21200227558774
-1,2025-05-23 11:16:00,21627.25,21649.0,21583.75,21.75,continuation,2025-05-23 11:20:00,21649.0,SL,-21.75,-1.0,2025,69.21200227558774
-1,2025-05-23 11:53:00,21676.75,21704.5,21621.25,27.75,continuation,2025-05-23 12:50:00,21704.5,SL,-27.75,-1.0,2025,68.21200227558774
1,2025-05-26 09:37:00,22005.0,21955.0,22105.0,50.0,continuation,2025-05-26 10:31:00,21955.0,SL,-50.0,-1.0,2025,67.21200227558774
1,2025-05-27 10:21:00,22076.0,22035.75,22156.5,40.25,continuation,2025-05-27 12:40:00,22156.5,TP,80.5,2.0,2025,69.21200227558774
1,2025-06-03 09:18:00,22247.5,22227.5,22287.5,20.0,continuation,2025-06-03 09:31:00,22287.5,TP,40.0,2.0,2025,71.21200227558774
1,2025-06-03 09:55:00,22286.25,22264.0,22330.75,22.25,continuation,2025-06-03 10:01:00,22330.75,TP,44.5,2.0,2025,73.21200227558774
1,2025-06-06 09:18:00,22489.25,22453.25,22561.25,36.0,continuation,2025-06-06 09:46:00,22561.25,TP,72.0,2.0,2025,75.21200227558774
1,2025-06-06 11:07:00,22540.75,22518.75,22584.75,22.0,continuation,2025-06-06 11:18:00,22518.75,SL,-22.0,-1.0,2025,74.21200227558774
1,2025-06-09 09:59:00,22508.75,22483.0,22560.25,25.75,continuation,2025-06-09 10:18:00,22560.25,TP,51.5,2.0,2025,76.21200227558774
1,2025-06-10 09:55:00,22563.75,22538.0,22615.25,25.75,continuation,2025-06-10 11:32:00,22538.0,SL,-25.75,-1.0,2025,75.21200227558774
1,2025-06-11 10:29:00,22744.5,22708.5,22816.5,36.0,continuation,2025-06-11 11:10:00,22708.5,SL,-36.0,-1.0,2025,74.21200227558774
1,2025-06-12 09:33:00,22555.5,22534.25,22598.0,21.25,continuation,2025-06-12 09:50:00,22598.0,TP,42.5,2.0,2025,76.21200227558774
1,2025-06-12 10:30:00,22627.0,22607.0,22667.0,20.0,continuation,2025-06-12 11:02:00,22667.0,TP,40.0,2.0,2025,78.21200227558774
-1,2025-06-13 10:31:00,22342.5,22397.0,22233.5,54.5,continuation,2025-06-13 10:38:00,22397.0,SL,-54.5,-1.0,2025,77.21200227558774
1,2025-06-17 09:23:00,22550.0,22525.0,22600.0,25.0,continuation,2025-06-17 09:32:00,22600.0,TP,50.0,2.0,2025,79.21200227558774
1,2025-06-17 11:14:00,22615.5,22562.0,22722.5,53.5,continuation,2025-06-17 12:50:00,22562.0,SL,-53.5,-1.0,2025,78.21200227558774
-1,2025-06-19 09:44:00,22222.75,22271.25,22125.75,48.5,continuation,2025-06-19 18:01:00,22271.25,SL,-48.5,-1.0,2025,77.21200227558774
1,2025-06-25 09:31:00,22993.25,22973.25,23033.25,20.0,continuation,2025-06-25 09:40:00,23033.25,TP,40.0,2.0,2025,79.21200227558774
1,2025-06-25 09:59:00,23018.25,22977.75,23099.25,40.5,continuation,2025-06-25 10:12:00,22977.75,SL,-40.5,-1.0,2025,78.21200227558774
1,2025-06-26 11:57:00,23099.0,23079.0,23139.0,20.0,continuation,2025-06-26 13:37:00,23139.0,TP,40.0,2.0,2025,80.21200227558774
1,2025-07-03 11:04:00,23550.5,23530.5,23590.5,20.0,continuation,2025-07-03 11:42:00,23590.5,TP,40.0,2.0,2025,82.21200227558774
1,2025-07-03 11:44:00,23590.0,23558.75,23652.5,31.25,continuation,2025-07-03 12:46:00,23558.75,SL,-31.25,-1.0,2025,81.21200227558774
-1,2025-07-08 10:05:00,23393.0,23421.0,23337.0,28.0,continuation,2025-07-08 10:36:00,23421.0,SL,-28.0,-1.0,2025,80.21200227558774
-1,2025-07-08 11:21:00,23387.75,23410.5,23342.25,22.75,continuation,2025-07-08 12:12:00,23410.5,SL,-22.75,-1.0,2025,79.21200227558774
1,2025-07-17 11:08:00,23727.75,23673.25,23836.75,54.5,continuation,2025-07-17 15:59:00,23756.75,EOD,29.0,0.5321100917431193,2025,79.74411236733086
1,2025-07-21 09:58:00,23877.25,23857.25,23917.25,20.0,continuation,2025-07-21 10:33:00,23917.25,TP,40.0,2.0,2025,81.74411236733086
-1,2025-07-23 09:59:00,23681.5,23707.0,23630.5,25.5,continuation,2025-07-23 11:02:00,23707.0,SL,-25.5,-1.0,2025,80.74411236733086
1,2025-07-25 10:23:00,23892.75,23872.75,23932.75,20.0,continuation,2025-07-25 12:13:00,23932.75,TP,40.0,2.0,2025,82.74411236733086
1,2025-07-30 10:58:00,24020.5,24000.5,24060.5,20.0,continuation,2025-07-30 11:04:00,24000.5,SL,-20.0,-1.0,2025,81.74411236733086
-1,2025-08-01 11:24:00,23412.75,23442.75,23352.75,30.0,continuation,2025-08-01 11:40:00,23442.75,SL,-30.0,-1.0,2025,80.74411236733086
1,2025-08-08 10:09:00,24149.25,24105.0,24237.75,44.25,continuation,2025-08-08 15:59:00,24207.75,EOD,58.5,1.3220338983050848,2025,82.06614626563594
1,2025-08-12 09:41:00,24278.5,24247.25,24341.0,31.25,continuation,2025-08-12 09:45:00,24247.25,SL,-31.25,-1.0,2025,81.06614626563594
1,2025-08-12 11:59:00,24357.5,24334.75,24403.0,22.75,continuation,2025-08-12 12:56:00,24403.0,TP,45.5,2.0,2025,83.06614626563594
-1,2025-08-21 10:01:00,23712.0,23764.5,23607.0,52.5,continuation,2025-08-21 10:06:00,23764.5,SL,-52.5,-1.0,2025,82.06614626563594
1,2025-08-28 09:24:00,24146.0,24126.0,24186.0,20.0,continuation,2025-08-28 09:29:00,24126.0,SL,-20.0,-1.0,2025,81.06614626563594
1,2025-08-28 11:19:00,24239.75,24188.5,24342.25,51.25,continuation,2025-08-28 11:26:00,24188.5,SL,-51.25,-1.0,2025,80.06614626563594
1,2025-08-29 09:28:00,24158.0,24138.0,24198.0,20.0,continuation,2025-08-29 09:31:00,24138.0,SL,-20.0,-1.0,2025,79.06614626563594
-1,2025-09-01 09:34:00,23949.0,23981.75,23883.5,32.75,continuation,2025-09-01 09:51:00,23981.75,SL,-32.75,-1.0,2025,78.06614626563594
-1,2025-09-02 09:31:00,23596.25,23625.75,23537.25,29.5,continuation,2025-09-02 09:32:00,23537.25,TP,59.0,2.0,2025,80.06614626563594
1,2025-09-05 09:18:00,24370.25,24350.25,24410.25,20.0,continuation,2025-09-05 09:31:00,24350.25,SL,-20.0,-1.0,2025,79.06614626563594
1,2025-09-15 09:31:00,24671.75,24651.75,24711.75,20.0,continuation,2025-09-15 09:38:00,24711.75,TP,40.0,2.0,2025,81.06614626563594
1,2025-09-15 10:55:00,24748.75,24728.75,24788.75,20.0,continuation,2025-09-15 12:14:00,24788.75,TP,40.0,2.0,2025,83.06614626563594
1,2025-09-17 09:29:00,24780.0,24760.0,24820.0,20.0,continuation,2025-09-17 09:35:00,24760.0,SL,-20.0,-1.0,2025,82.06614626563594
1,2025-09-18 10:33:00,25056.5,25008.5,25152.5,48.0,continuation,2025-09-18 10:46:00,25008.5,SL,-48.0,-1.0,2025,81.06614626563594
1,2025-09-18 11:07:00,25011.0,24986.25,25060.5,24.75,continuation,2025-09-18 11:20:00,25060.5,TP,49.5,2.0,2025,83.06614626563594
1,2025-09-19 09:16:00,25013.5,24989.25,25062.0,24.25,continuation,2025-09-19 09:52:00,25062.0,TP,48.5,2.0,2025,85.06614626563594
1,2025-09-19 09:55:00,25047.75,25002.0,25139.25,45.75,continuation,2025-09-19 10:47:00,25002.0,SL,-45.75,-1.0,2025,84.06614626563594
1,2025-09-22 09:35:00,25102.0,25063.5,25179.0,38.5,continuation,2025-09-22 10:46:00,25179.0,TP,77.0,2.0,2025,86.06614626563594
-1,2025-09-26 11:41:00,24852.5,24895.0,24767.5,42.5,continuation,2025-09-26 12:22:00,24895.0,SL,-42.5,-1.0,2025,85.06614626563594
1,2025-09-29 10:12:00,25215.5,25174.5,25297.5,41.0,continuation,2025-09-29 10:21:00,25174.5,SL,-41.0,-1.0,2025,84.06614626563594
1,2025-09-29 10:27:00,25216.0,25172.0,25304.0,44.0,continuation,2025-09-29 11:11:00,25172.0,SL,-44.0,-1.0,2025,83.06614626563594
-1,2025-10-06 10:13:00,25418.25,25438.25,25378.25,20.0,continuation,2025-10-06 10:22:00,25438.25,SL,-20.0,-1.0,2025,82.06614626563594
-1,2025-10-06 11:20:00,25419.0,25439.0,25379.0,20.0,continuation,2025-10-06 11:46:00,25439.0,SL,-20.0,-1.0,2025,81.06614626563594
1,2025-10-07 09:38:00,25499.0,25471.5,25554.0,27.5,continuation,2025-10-07 10:04:00,25471.5,SL,-27.5,-1.0,2025,80.06614626563594
1,2025-10-08 11:23:00,25467.5,25447.5,25507.5,20.0,continuation,2025-10-08 11:51:00,25507.5,TP,40.0,2.0,2025,82.06614626563594
1,2025-10-10 10:50:00,25606.0,25570.5,25677.0,35.5,continuation,2025-10-10 10:58:00,25570.5,SL,-35.5,-1.0,2025,81.06614626563594
1,2025-10-15 10:26:00,25354.75,25327.25,25409.75,27.5,continuation,2025-10-15 11:12:00,25327.25,SL,-27.5,-1.0,2025,80.06614626563594
1,2025-10-20 11:53:00,25583.5,25561.5,25627.5,22.0,continuation,2025-10-20 11:53:00,25561.5,SL,-22.0,-1.0,2025,79.06614626563594
1,2025-10-24 09:26:00,25739.0,25719.0,25779.0,20.0,continuation,2025-10-24 09:31:00,25719.0,SL,-20.0,-1.0,2025,78.06614626563594
1,2025-10-24 10:09:00,25784.25,25755.25,25842.25,29.0,continuation,2025-10-24 10:27:00,25755.25,SL,-29.0,-1.0,2025,77.06614626563594
1,2025-10-27 09:33:00,26103.0,26069.75,26169.5,33.25,continuation,2025-10-27 09:36:00,26069.75,SL,-33.25,-1.0,2025,76.06614626563594
1,2025-10-28 09:15:00,26307.0,26255.5,26410.0,51.5,continuation,2025-10-28 13:51:00,26410.0,TP,103.0,2.0,2025,78.06614626563594
-1,2025-11-03 11:29:00,26320.0,26362.75,26234.5,42.75,continuation,2025-11-03 11:57:00,26362.75,SL,-42.75,-1.0,2025,77.06614626563594
-1,2025-11-07 09:33:00,25327.25,25378.5,25224.75,51.25,continuation,2025-11-07 09:38:00,25224.75,TP,102.5,2.0,2025,79.06614626563594
-1,2025-11-07 10:20:00,25274.75,25303.5,25217.25,28.75,continuation,2025-11-07 10:24:00,25217.25,TP,57.5,2.0,2025,81.06614626563594
-1,2025-11-17 10:59:00,25342.0,25380.25,25265.5,38.25,continuation,2025-11-17 11:08:00,25265.5,TP,76.5,2.0,2025,83.06614626563594
1,2025-11-26 09:53:00,25491.75,25448.25,25578.75,43.5,continuation,2025-11-26 09:59:00,25448.25,SL,-43.5,-1.0,2025,82.06614626563594
1,2025-11-26 10:29:00,25446.5,25397.25,25545.0,49.25,continuation,2025-11-26 11:05:00,25545.0,TP,98.5,2.0,2025,84.06614626563594
1,2025-11-28 09:40:00,25630.0,25607.5,25675.0,22.5,continuation,2025-11-28 09:41:00,25607.5,SL,-22.5,-1.0,2025,83.06614626563594
1,2025-11-28 10:17:00,25639.75,25614.75,25689.75,25.0,continuation,2025-11-28 11:10:00,25689.75,TP,50.0,2.0,2025,85.06614626563594
1,2025-12-08 09:22:00,26068.5,26048.5,26108.5,20.0,continuation,2025-12-08 09:27:00,26048.5,SL,-20.0,-1.0,2025,84.06614626563594
1,2025-12-08 09:33:00,26077.0,26050.5,26130.0,26.5,continuation,2025-12-08 09:41:00,26050.5,SL,-26.5,-1.0,2025,83.06614626563594
-1,2025-12-11 11:11:00,25768.75,25820.75,25664.75,52.0,continuation,2025-12-11 11:42:00,25820.75,SL,-52.0,-1.0,2025,82.06614626563594
